{
    "Grudziądz": {
        "pH": 7.4,
        "twardosc": 139.6,
        "azotany": 5.5,
        "zelazo": 0.02,
        "fluorki": 0.28,
        "chlor": 0.02,
        "chlorki": 50,
        "siarczany": 0,
        "potas": 0,
        "metnosc": 0.2,
        "barwa": 10,
        "mangan": 0.005,
        "magnez": 0,
        "olow": 0,
        "rtec": 0
    },
    "Wałbrzych": {
        "pH": 0,
        "twardosc": 0,
        "azotany": 0,
        "zelazo": 0,
        "fluorki": 0,
        "chlor": 0,
        "chlorki": 0,
        "siarczany": 0,
        "potas": 0,
        "metnosc": 0,
        "barwa": 0,
        "mangan": 0,
        "magnez": 0,
        "olow": 0,
        "rtec": 0
    },
    "Mordy": {
        "pH": 7.7,
        "twardosc": 220,
        "azotany": 0.89,
        "zelazo": 0.01,
        "fluorki": 0.15,
        "chlor": 0.2,
        "chlorki": 2.0,
        "siarczany": 2.0,
        "potas": 0,
        "metnosc": 0.53,
        "barwa": 5,
        "mangan": 5.0,
        "magnez": 12,
        "olow": 1.0,
        "rtec": 0.1
    },
    "Bydgoszcz": {
        "pH": 7.85,
        "twardosc": 303,
        "azotany": 1.6,
        "zelazo": 0.015,
        "fluorki": 0.18,
        "chlor": 0.01,
        "chlorki": 22,
        "siarczany": 63,
        "potas": 0,
        "metnosc": 0.095,
        "barwa": 3.5,
        "mangan": 0.022,
        "magnez": 18.275,
        "olow": 1,
        "rtec": 0.3
    },
    "Toruń": {
        "pH": 7.4,
        "twardosc": 110.4,
        "azotany": 6.3,
        "zelazo": 0.02,
        "fluorki": 0.19,
        "chlor": 0.036,
        "chlorki": 0,
        "siarczany": 0,
        "potas": 0,
        "metnosc": 0.236,
        "barwa": 5,
        "mangan": 0.005,
        "magnez": 0,
        "olow": 0,
        "rtec": 0
    },
    "Zielona Góra": {
        "pH": 7.68,
        "twardosc": 193.2,
        "azotany": 2.3,
        "zelazo": 0.05,
        "fluorki": 0,
        "chlor": 0,
        "chlorki": 25.38,
        "siarczany": 57.4,
        "potas": 0,
        "metnosc": 0.308,
        "barwa": 6.06,
        "mangan": 0.0044,
        "magnez": 4.073,
        "olow": 0,
        "rtec": 0
    },
    "Gorzów Wielkopolski": {
        "pH": 7.43,
        "twardosc": 289,
        "azotany": 1.06,
        "zelazo": 0.041,
        "fluorki": 0,
        "chlor": 0.15,
        "chlorki": 28.8,
        "siarczany": 0,
        "potas": 0,
        "metnosc": 0.24,
        "barwa": 5.7,
        "mangan": 0.022,
        "magnez": 0,
        "olow": 0,
        "rtec": 0
    },
    "Legnica": {
        "pH": 7.3,
        "twardosc": 226,
        "azotany": 4.8,
        "zelazo": 0.015,
        "fluorki": 0,
        "chlor": 0.079,
        "chlorki": 0,
        "siarczany": 55,
        "potas": 0,
        "metnosc": 0.12,
        "barwa": 2.5,
        "mangan": 0.015,
        "magnez": 18,
        "olow": 0,
        "rtec": 0
    },
    "Radom": {
        "pH": 7.32,
        "twardosc": 308.4,
        "azotany": 0,
        "zelazo": 0.0284,
        "fluorki": 0,
        "chlor": 0.196,
        "chlorki": 0,
        "siarczany": 0,
        "potas": 0,
        "metnosc": 0.374,
        "barwa": 2.5,
        "mangan": 0,
        "olow": 0,
        "rtec": 0
    },
    "Płock": {
        "pH": 7.3,
        "twardosc": 260,
        "azotany": 0.01,
        "zelazo": 0.01,
        "fluorki": 0,
        "chlor": 0,
        "chlorki": 0.01,
        "siarczany": 0,
        "potas": 0,
        "metnosc": 0.2,
        "barwa": 2,
        "mangan": 0.01,
        "magnez": 0,
        "olow": 0,
        "rtec": 0
    },
    "Koszalin": {
        "pH": 7.8,
        "twardosc": 242.5,
        "azotany": 0.515,
        "zelazo": 0.06,
        "fluorki": 0,
        "chlor": 0,
        "chlorki": 29.05,
        "siarczany": 52.65,
        "potas": 0,
        "metnosc": 0.2,
        "barwa": 5,
        "mangan": 7.5,
        "magnez": 0,
        "olow": 0,
        "rtec": 0
    },
    "Olsztyn": {
        "pH": 7.46,
        "twardosc": 267.2,
        "azotany": 2.6,
        "zelazo": 0.0378,
        "fluorki": 0.378,
        "chlor": 0,
        "chlorki": 9.86,
        "siarczany": 15.68,
        "potas": 0,
        "metnosc": 0.144,
        "barwa": 9.2,
        "mangan": 32,
        "magnez": 12.4,
        "olow": 0,
        "rtec": 0
    },
    "Lublin": {
        "pH": 7.28,
        "twardosc": 363.5,
        "azotany": 9.46,
        "zelazo": 0.051,
        "fluorki": 0.4,
        "chlor": 0.21,
        "chlorki": 28.56,
        "siarczany": 44.25,
        "potas": 0.01,
        "metnosc": 0.25,
        "barwa": 4.9,
        "mangan": 0.009,
        "magnez": 18.05,
        "olow": 4.375,
        "rtec": 0.5
    },
    "Częstochowa": {
        "pH": 7.6,
        "twardosc": 200,
        "azotany": 29.1,
        "zelazo": 0.049,
        "fluorki": 0.2,
        "chlor": 0,
        "chlorki": 26.2,
        "siarczany": 49.4,
        "potas": 1.45,
        "metnosc": 0.22,
        "barwa": 5,
        "mangan": 0,
        "magnez": 3.13,
        "olow": 2,
        "rtec": 0
    },
    "Rzeszów": {
        "pH": 7.8,
        "twardosc": 250,
        "azotany": 6.2,
        "zelazo": 0.019,
        "fluorki": 0,
        "chlor": 0,
        "chlorki": 33.8,
        "siarczany": 42.9,
        "potas": 0,
        "metnosc": 0.2,
        "barwa": 5,
        "mangan": 15,
        "magnez": 0,
        "olow": 0.5,
        "rtec": 0.1
    },
    "Poznań": {
        "pH": 7.61,
        "twardosc": 287.2,
        "azotany": 1.96,
        "zelazo": 0.042,
        "fluorki": 0.35,
        "chlor": 0,
        "chlorki": 0,
        "siarczany": 48.2,
        "potas": 0,
        "metnosc": 0,
        "barwa": 7.2,
        "mangan": 0,
        "magnez": 15.6,
        "olow": 0.0004,
        "rtec": 0.0001
    },
    "Sosnowiec": {
        "pH": 7.35,
        "twardosc": 151.5,
        "azotany": 0,
        "zelazo": 0.0307,
        "fluorki": 0,
        "chlor": 0.07,
        "chlorki": 0,
        "siarczany": 0,
        "potas": 0,
        "metnosc": 0.1,
        "barwa": 5,
        "mangan": 0.005,
        "magnez": 0,
        "olow": 0,
        "rtec": 0
    },
    "Wrocław": {
        "pH": 7.6,
        "twardosc": 300.3,
        "azotany": 6.53,
        "zelazo": 0.0177,
        "fluorki": 0.2,
        "chlor": 0,
        "chlorki": 57.7,
        "siarczany": 109.3,
        "potas": 0,
        "metnosc": 0.5,
        "barwa": 2,
        "mangan": 5,
        "magnez": 16.3,
        "olow": 0,
        "rtec": 0
    },
    "Gdańsk": {
        "pH": 7.59,
        "twardosc": 246.1,
        "azotany": 0,
        "zelazo": 0,
        "fluorki": 0.26,
        "chlor": 0.02,
        "chlorki": 24.9,
        "siarczany": 45.6,
        "potas": 2.86,
        "metnosc": 0,
        "barwa": 0,
        "mangan": 0,
        "magnez": 10,
        "olow": 0,
        "rtec": 0
    },
    "Łódź": {
        "pH": 7.3,
        "twardosc": 199,
        "azotany": 1.41,
        "zelazo": 0.031,
        "fluorki": 0.13,
        "chlor": 0.38,
        "chlorki": 11.5,
        "siarczany": 21.5,
        "potas": 1.04,
        "metnosc": 0.46,
        "barwa": 0,
        "mangan": 25.5,
        "magnez": 5.6,
        "olow": 2.0,
        "rtec": 1.0
    },
    "Tarnów": {
        "pH": 7.48,
        "twardosc": 271.6,
        "azotany": 8.532,
        "zelazo": 0.01,
        "fluorki": 0,
        "chlor": 0.208,
        "chlorki": 0,
        "siarczany": 0,
        "potas": 0,
        "metnosc": 0,
        "barwa": 2.5,
        "mangan": 27.6,
        "magnez": 12.18,
        "olow": 1.0,
        "rtec": 0.05
    },
    "Białystok": {
        "pH": 7.25,
        "twardosc": 215,
        "azotany": 5.3,
        "zelazo": 0.022,
        "fluorki": 0.205,
        "chlor": 0,
        "chlorki": 10.05,
        "siarczany": 28.3,
        "potas": 0,
        "metnosc": 0.2,
        "barwa": 5,
        "mangan": 10,
        "magnez": 0,
        "olow": 3,
        "rtec": 0.05
    },
    "Piła": {
        "pH": 7.75,
        "twardosc": 212,
        "azotany": 0.666,
        "zelazo": 0.035,
        "fluorki": 0,
        "chlor": 0.065,
        "chlorki": 0,
        "siarczany": 0,
        "potas": 0,
        "metnosc": 0,
        "barwa": 4,
        "mangan": 14,
        "magnez": 0,
        "olow": 0,
        "rtec": 0
    },
    "Siedlce": {
        "pH": 7.54,
        "twardosc": 144.8,
        "azotany": 0.576,
        "zelazo": 0.044,
        "fluorki": 0,
        "chlor": 0,
        "chlorki": 4.34,
        "siarczany": 5.14,
        "potas": 0,
        "metnosc": 0.194,
        "barwa": 7.2,
        "mangan": 7.2,
        "magnez": 6.5,
        "olow": 0.8,
        "rtec": 0
    },
    "Głogów": {
        "pH": 7.1,
        "twardosc": 252,
        "azotany": 1.34,
        "zelazo": 0.033,
        "fluorki": 0,
        "chlor": 0,
        "chlorki": 0,
        "siarczany": 0,
        "potas": 0,
        "metnosc": 0,
        "barwa": 7.6,
        "mangan": 30,
        "magnez": 0,
        "olow": 0.5,
        "rtec": 0.1
    },
    "Konin": {
        "pH": 7.8,
        "twardosc": 253,
        "azotany": 2.65,
        "zelazo": 0.03,
        "fluorki": 0.23,
        "chlor": 0.25,
        "chlorki": 62,
        "siarczany": 45,
        "potas": 0,
        "metnosc": 0,
        "barwa": 0,
        "mangan": 20,
        "magnez": 16,
        "olow": 0,
        "rtec": 0
    },
    "Jelenia Góra": {
        "pH": 7.2,
        "twardosc": 32.5,
        "azotany": 2.5,
        "zelazo": 0.072,
        "fluorki": 0.1525,
        "chlor": 0,
        "chlorki": 11.875,
        "siarczany": 12.725,
        "potas": 0,
        "metnosc": 0,
        "barwa": 0,
        "mangan": 13.25,
        "magnez": 2.0875,
        "olow": 0.605,
        "rtec": 0.1
    },
    "Kraków": {
        "pH": "7.7",
        "twardosc": "252.75",
        "azotany": "11.85",
        "zelazo": "0",
        "fluorki": "0.06",
        "chlor": "0",
        "chlorki": "29.575",
        "siarczany": "40.5",
        "potas": "0",
        "metnosc": "0",
        "barwa": "3.25",
        "mangan": "0",
        "magnez": "9.7",
        "olow": "0",
        "rtec": "0"
    },
    "Szczecin": {
        "pH": "7.65",
        "twardosc": "251.5",
        "azotany": "0",
        "zelazo": "0",
        "fluorki": "0.18",
        "chlor": "0",
        "chlorki": "30.5",
        "siarczany": "106",
        "potas": "3.75",
        "metnosc": "0",
        "barwa": "0",
        "mangan": "0",
        "magnez": "12.83",
        "olow": "0",
        "rtec": "0"
    },
    "Dąbrowa Górnicza": {
        "pH": 7.3,
        "twardosc": 276,
        "azotany": 11.0,
        "fluorki": 0.12,
        "zelazo": 0.04,
        "mangan": 0.5,
        "chlorki": 22.9,
        "siarczany": 60,
        "barwa": 5,
        "metnosc": 0.55,
        "magnez": 26.0,
        "potas": 0.57,
        "olow": 0,
        "rtec": 0,
        "chlor": 0.14
    },
    "Gdynia": {
        "pH": 7.5,
        "twardosc": 213,
        "azotany": 0.75,
        "fluorki": 0.25,
        "zelazo": 0.035,
        "mangan": 11,
        "chlorki": 14,
        "siarczany": 40,
        "barwa": 5,
        "metnosc": 0.3,
        "magnez": 8,
        "potas": 2,
        "olow": 1.0,
        "rtec": 0.1
    },
    "Warszawa": {
        "pH": "7.42",
        "twardosc": "270.17",
        "azotany": "8.9",
        "zelazo": "0.02",
        "fluorki": "0.13",
        "chlor": "0.21",
        "chlorki": "136",
        "siarczany": "80.33",
        "potas": "0",
        "metnosc": "0.21",
        "barwa": "3.5",
        "mangan": "5.83",
        "magnez": "0",
        "olow": "0.5",
        "rtec": "0.10"
    },
    "Kielce": {
        "pH": "7.6",
        "twardosc": "231.8",
        "azotany": "19.07",
        "zelazo": "0.03",
        "fluorki": "0.1",
        "chlor": "0.15",
        "chlorki": "21.77",
        "siarczany": "45.2",
        "potas": "0",
        "metnosc": "0",
        "barwa": "0",
        "mangan": "5",
        "magnez": "13.73",
        "olow": "0",
        "rtec": "0"
    },
    "Tychy": {
        "pH": "7.6",
        "twardosc": "60.5",
        "azotany": "3.6",
        "fluorki": "0.064",
        "zelazo": "0.010",
        "mangan": "1.0",
        "chlorki": "13",
        "siarczany": "15",
        "barwa": "5",
        "metnosc": "0.63",
        "magnez": "3.73",
        "potas": "0",
        "olow": "0.1",
        "rtec": "0.10",
        "chlor": "0.05"
    },
    "Kalisz": {
        "pH": 7.38,
        "twardosc": 305.75,
        "azotany": 2.15,
        "zelazo": 0.028,
        "fluorki": 0.62,
        "chlor": 0,
        "chlorki": 43.5,
        "siarczany": 66,
        "potas": 3.93,
        "metnosc": 0.2,
        "barwa": 8.58,
        "mangan": 0,
        "magnez": 0,
        "olow": 0,
        "rtec": 0
    }
}