{"Porada nt. wp\u0142ywu parametr\u00f3w na Oczy w uroda.": "Wysoka twardo\u015b\u0107 wody mo\u017ce wysusza\u0107 sk\u00f3r\u0119 wok\u00f3\u0142 oczu. U\u017cywaj filtra, dbaj o", "Porada nt. wp\u0142ywu parametr\u00f3w na Dzieci w zdrowie.": "Wysoka twardo\u015b\u0107 wody (291 mg/l) mo\u017ce podra\u017cnia\u0107 sk\u00f3r\u0119 dzieci. U\u017cywaj filtra!", "Porada nt. wp\u0142ywu parametr\u00f3w na Sk\u00f3ra w uroda.": "Wysoka twardo\u015b\u0107 wody (291 mg/l) mo\u017ce wysusza\u0107 sk\u00f3r\u0119. U\u017cywaj nawil\u017caczy!", "Porada nt. wp\u0142ywu parametr\u00f3w na Alergie w zdrowie.": "Wysoka twardo\u015b\u0107 wody (291 mg/l) mo\u017ce nasila\u0107 alergie sk\u00f3rne. U\u017cywaj filtra!", "zdrowie": "Woda ma kluczowy wp\u0142yw na zdrowie. Pij 2-3 litry dziennie, dbaj o siebie!", "uroda": "Dbaj o sk\u00f3r\u0119, pij\u0105c 2-3 litry wody dziennie, pi\u0119kna!", "gorzow": "Masz na my\u015bli Gorz\u00f3w? Jak mog\u0119 pom\u00f3c z wod\u0105 w tym regionie, luki?"}